<?xml version="1.0" encoding="UTF-8"?>
<beans xmlns="http://www.springframework.org/schema/beans"
       xmlns:xsi="http://www.w3.org/2001/XMLSchema-instance" xmlns:util="http://www.springframework.org/schema/util"
       xsi:schemaLocation="http://www.springframework.org/schema/beans http://www.springframework.org/schema/beans/spring-beans-4.2.xsd
    http://www.springframework.org/schema/util http://www.springframework.org/schema/util/spring-util.xsd">

    <!-- 配置自定义Realm -->
    <bean id="myRealm" class="cn.exrick.common.shiro.MyRealm"/>

    <!-- 安全管理器 -->
    <bean id="securityManager" class="org.apache.shiro.web.mgt.DefaultWebSecurityManager">
        <property name="realm" ref="myRealm"/>
    </bean>

    <bean id="perms" class="cn.exrick.common.shiro.MyPermissionFilter"/>

    <!-- Shiro过滤器 核心-->
    <bean id="shiroFilter" class="cn.exrick.common.shiro.MyShiroFilterFactoryBean">
        <!-- Shiro的核心安全接口,这个属性是必须的 -->
        <property name="securityManager" ref="securityManager"/>
        <!-- 身份认证失败，则跳转到登录页面的配置 -->
        <property name="loginUrl" value="/login"/>
        <!-- 登录成功之后的 跳转页面 -->
        <property name="successUrl" value="/"/>
        <!-- 权限认证失败，则跳转到指定页面 -->
        <property name="unauthorizedUrl" value="/403"/>
        <!--自定义过滤器-->
        <property name="filters">
            <util:map>
                <entry key="perms" value-ref="perms"></entry>
                <entry key="roles" value-ref="perms"></entry>
            </util:map>
        </property>
        <!-- Shiro连接约束配置,即过滤链的定义 -->
        <property name="filterChainDefinitions">
            <value>
                <!--从数据库中读取-->
            </value>
        </property>
    </bean>

    <!-- Shiro生命周期处理器 -->
    <bean id="lifecycleBeanPostProcessor" class="org.apache.shiro.spring.LifecycleBeanPostProcessor"/>
</beans>
