<?xml version="1.0" encoding="UTF-8"?>
<!DOCTYPE mapper PUBLIC "-//mybatis.org//DTD Mapper 3.0//EN" "http://mybatis.org/dtd/mybatis-3-mapper.dtd">
<mapper namespace="cn.exrick.mapper.TbAddressMapper">
  <resultMap id="BaseResultMap" type="cn.exrick.pojo.TbAddress">
    <id column="address_id" jdbcType="BIGINT" property="addressId" />
    <result column="user_id" jdbcType="BIGINT" property="userId" />
    <result column="user_name" jdbcType="VARCHAR" property="userName" />
    <result column="tel" jdbcType="VARCHAR" property="tel" />
    <result column="street_name" jdbcType="VARCHAR" property="streetName" />
    <result column="is_default" jdbcType="BIT" property="isDefault" />
  </resultMap>
  <sql id="Example_Where_Clause">
    <where>
      <foreach collection="oredCriteria" item="criteria" separator="or">
        <if test="criteria.valid">
          <trim prefix="(" prefixOverrides="and" suffix=")">
            <foreach collection="criteria.criteria" item="criterion">
              <choose>
                <when test="criterion.noValue">
                  and ${criterion.condition}
                </when>
                <when test="criterion.singleValue">
                  and ${criterion.condition} #{criterion.value}
                </when>
                <when test="criterion.betweenValue">
                  and ${criterion.condition} #{criterion.value} and #{criterion.secondValue}
                </when>
                <when test="criterion.listValue">
                  and ${criterion.condition}
                  <foreach close=")" collection="criterion.value" item="listItem" open="(" separator=",">
                    #{listItem}
                  </foreach>
                </when>
              </choose>
            </foreach>
          </trim>
        </if>
      </foreach>
    </where>
  </sql>
  <sql id="Update_By_Example_Where_Clause">
    <where>
      <foreach collection="example.oredCriteria" item="criteria" separator="or">
        <if test="criteria.valid">
          <trim prefix="(" prefixOverrides="and" suffix=")">
            <foreach collection="criteria.criteria" item="criterion">
              <choose>
                <when test="criterion.noValue">
                  and ${criterion.condition}
                </when>
                <when test="criterion.singleValue">
                  and ${criterion.condition} #{criterion.value}
                </when>
                <when test="criterion.betweenValue">
                  and ${criterion.condition} #{criterion.value} and #{criterion.secondValue}
                </when>
                <when test="criterion.listValue">
                  and ${criterion.condition}
                  <foreach close=")" collection="criterion.value" item="listItem" open="(" separator=",">
                    #{listItem}
                  </foreach>
                </when>
              </choose>
            </foreach>
          </trim>
        </if>
      </foreach>
    </where>
  </sql>
  <sql id="Base_Column_List">
    address_id, user_id, user_name, tel, street_name, is_default
  </sql>
  <select id="selectByExample" parameterType="cn.exrick.pojo.TbAddressExample" resultMap="BaseResultMap">
    select
    <if test="distinct">
      distinct
    </if>
    <include refid="Base_Column_List" />
    from tb_address
    <if test="_parameter != null">
      <include refid="Example_Where_Clause" />
    </if>
    <if test="orderByClause != null">
      order by ${orderByClause}
    </if>
  </select>
  <select id="selectByPrimaryKey" parameterType="java.lang.Long" resultMap="BaseResultMap">
    select 
    <include refid="Base_Column_List" />
    from tb_address
    where address_id = #{addressId,jdbcType=BIGINT}
  </select>
  <delete id="deleteByPrimaryKey" parameterType="java.lang.Long">
    delete from tb_address
    where address_id = #{addressId,jdbcType=BIGINT}
  </delete>
  <delete id="deleteByExample" parameterType="cn.exrick.pojo.TbAddressExample">
    delete from tb_address
    <if test="_parameter != null">
      <include refid="Example_Where_Clause" />
    </if>
  </delete>
  <insert id="insert" parameterType="cn.exrick.pojo.TbAddress">
    insert into tb_address (address_id, user_id, user_name, 
      tel, street_name, is_default
      )
    values (#{addressId,jdbcType=BIGINT}, #{userId,jdbcType=BIGINT}, #{userName,jdbcType=VARCHAR}, 
      #{tel,jdbcType=VARCHAR}, #{streetName,jdbcType=VARCHAR}, #{isDefault,jdbcType=BIT}
      )
  </insert>
  <insert id="insertSelective" parameterType="cn.exrick.pojo.TbAddress">
    insert into tb_address
    <trim prefix="(" suffix=")" suffixOverrides=",">
      <if test="addressId != null">
        address_id,
      </if>
      <if test="userId != null">
        user_id,
      </if>
      <if test="userName != null">
        user_name,
      </if>
      <if test="tel != null">
        tel,
      </if>
      <if test="streetName != null">
        street_name,
      </if>
      <if test="isDefault != null">
        is_default,
      </if>
    </trim>
    <trim prefix="values (" suffix=")" suffixOverrides=",">
      <if test="addressId != null">
        #{addressId,jdbcType=BIGINT},
      </if>
      <if test="userId != null">
        #{userId,jdbcType=BIGINT},
      </if>
      <if test="userName != null">
        #{userName,jdbcType=VARCHAR},
      </if>
      <if test="tel != null">
        #{tel,jdbcType=VARCHAR},
      </if>
      <if test="streetName != null">
        #{streetName,jdbcType=VARCHAR},
      </if>
      <if test="isDefault != null">
        #{isDefault,jdbcType=BIT},
      </if>
    </trim>
  </insert>
  <select id="countByExample" parameterType="cn.exrick.pojo.TbAddressExample" resultType="java.lang.Long">
    select count(*) from tb_address
    <if test="_parameter != null">
      <include refid="Example_Where_Clause" />
    </if>
  </select>
  <update id="updateByExampleSelective" parameterType="map">
    update tb_address
    <set>
      <if test="record.addressId != null">
        address_id = #{record.addressId,jdbcType=BIGINT},
      </if>
      <if test="record.userId != null">
        user_id = #{record.userId,jdbcType=BIGINT},
      </if>
      <if test="record.userName != null">
        user_name = #{record.userName,jdbcType=VARCHAR},
      </if>
      <if test="record.tel != null">
        tel = #{record.tel,jdbcType=VARCHAR},
      </if>
      <if test="record.streetName != null">
        street_name = #{record.streetName,jdbcType=VARCHAR},
      </if>
      <if test="record.isDefault != null">
        is_default = #{record.isDefault,jdbcType=BIT},
      </if>
    </set>
    <if test="_parameter != null">
      <include refid="Update_By_Example_Where_Clause" />
    </if>
  </update>
  <update id="updateByExample" parameterType="map">
    update tb_address
    set address_id = #{record.addressId,jdbcType=BIGINT},
      user_id = #{record.userId,jdbcType=BIGINT},
      user_name = #{record.userName,jdbcType=VARCHAR},
      tel = #{record.tel,jdbcType=VARCHAR},
      street_name = #{record.streetName,jdbcType=VARCHAR},
      is_default = #{record.isDefault,jdbcType=BIT}
    <if test="_parameter != null">
      <include refid="Update_By_Example_Where_Clause" />
    </if>
  </update>
  <update id="updateByPrimaryKeySelective" parameterType="cn.exrick.pojo.TbAddress">
    update tb_address
    <set>
      <if test="userId != null">
        user_id = #{userId,jdbcType=BIGINT},
      </if>
      <if test="userName != null">
        user_name = #{userName,jdbcType=VARCHAR},
      </if>
      <if test="tel != null">
        tel = #{tel,jdbcType=VARCHAR},
      </if>
      <if test="streetName != null">
        street_name = #{streetName,jdbcType=VARCHAR},
      </if>
      <if test="isDefault != null">
        is_default = #{isDefault,jdbcType=BIT},
      </if>
    </set>
    where address_id = #{addressId,jdbcType=BIGINT}
  </update>
  <update id="updateByPrimaryKey" parameterType="cn.exrick.pojo.TbAddress">
    update tb_address
    set user_id = #{userId,jdbcType=BIGINT},
      user_name = #{userName,jdbcType=VARCHAR},
      tel = #{tel,jdbcType=VARCHAR},
      street_name = #{streetName,jdbcType=VARCHAR},
      is_default = #{isDefault,jdbcType=BIT}
    where address_id = #{addressId,jdbcType=BIGINT}
  </update>
</mapper>