<?xml version="1.0" encoding="UTF-8"?>
<!DOCTYPE mapper PUBLIC "-//mybatis.org//DTD Mapper 3.0//EN" "http://mybatis.org/dtd/mybatis-3-mapper.dtd">
<mapper namespace="cn.exrick.mapper.TbLogMapper">
  <resultMap id="BaseResultMap" type="cn.exrick.pojo.TbLog">
    <id column="id" jdbcType="INTEGER" property="id" />
    <result column="name" jdbcType="VARCHAR" property="name" />
    <result column="type" jdbcType="INTEGER" property="type" />
    <result column="url" jdbcType="VARCHAR" property="url" />
    <result column="request_type" jdbcType="VARCHAR" property="requestType" />
    <result column="request_param" jdbcType="VARCHAR" property="requestParam" />
    <result column="user" jdbcType="VARCHAR" property="user" />
    <result column="ip" jdbcType="VARCHAR" property="ip" />
    <result column="ip_info" jdbcType="VARCHAR" property="ipInfo" />
    <result column="time" jdbcType="INTEGER" property="time" />
    <result column="create_date" jdbcType="TIMESTAMP" property="createDate" />
  </resultMap>
  <sql id="Example_Where_Clause">
    <where>
      <foreach collection="oredCriteria" item="criteria" separator="or">
        <if test="criteria.valid">
          <trim prefix="(" prefixOverrides="and" suffix=")">
            <foreach collection="criteria.criteria" item="criterion">
              <choose>
                <when test="criterion.noValue">
                  and ${criterion.condition}
                </when>
                <when test="criterion.singleValue">
                  and ${criterion.condition} #{criterion.value}
                </when>
                <when test="criterion.betweenValue">
                  and ${criterion.condition} #{criterion.value} and #{criterion.secondValue}
                </when>
                <when test="criterion.listValue">
                  and ${criterion.condition}
                  <foreach close=")" collection="criterion.value" item="listItem" open="(" separator=",">
                    #{listItem}
                  </foreach>
                </when>
              </choose>
            </foreach>
          </trim>
        </if>
      </foreach>
    </where>
  </sql>
  <sql id="Update_By_Example_Where_Clause">
    <where>
      <foreach collection="example.oredCriteria" item="criteria" separator="or">
        <if test="criteria.valid">
          <trim prefix="(" prefixOverrides="and" suffix=")">
            <foreach collection="criteria.criteria" item="criterion">
              <choose>
                <when test="criterion.noValue">
                  and ${criterion.condition}
                </when>
                <when test="criterion.singleValue">
                  and ${criterion.condition} #{criterion.value}
                </when>
                <when test="criterion.betweenValue">
                  and ${criterion.condition} #{criterion.value} and #{criterion.secondValue}
                </when>
                <when test="criterion.listValue">
                  and ${criterion.condition}
                  <foreach close=")" collection="criterion.value" item="listItem" open="(" separator=",">
                    #{listItem}
                  </foreach>
                </when>
              </choose>
            </foreach>
          </trim>
        </if>
      </foreach>
    </where>
  </sql>
  <sql id="Base_Column_List">
    id, name, type, url, request_type, request_param, user, ip, ip_info, time, create_date
  </sql>
  <select id="selectByExample" parameterType="cn.exrick.pojo.TbLogExample" resultMap="BaseResultMap">
    select
    <if test="distinct">
      distinct
    </if>
    <include refid="Base_Column_List" />
    from tb_log
    <if test="_parameter != null">
      <include refid="Example_Where_Clause" />
    </if>
    <if test="orderByClause != null">
      order by ${orderByClause}
    </if>
  </select>
  <select id="selectByPrimaryKey" parameterType="java.lang.Integer" resultMap="BaseResultMap">
    select 
    <include refid="Base_Column_List" />
    from tb_log
    where id = #{id,jdbcType=INTEGER}
  </select>
  <delete id="deleteByPrimaryKey" parameterType="java.lang.Integer">
    delete from tb_log
    where id = #{id,jdbcType=INTEGER}
  </delete>
  <delete id="deleteByExample" parameterType="cn.exrick.pojo.TbLogExample">
    delete from tb_log
    <if test="_parameter != null">
      <include refid="Example_Where_Clause" />
    </if>
  </delete>
  <insert id="insert" parameterType="cn.exrick.pojo.TbLog">
    insert into tb_log (id, name, type, 
      url, request_type, request_param, 
      user, ip, ip_info, time, 
      create_date)
    values (#{id,jdbcType=INTEGER}, #{name,jdbcType=VARCHAR}, #{type,jdbcType=INTEGER}, 
      #{url,jdbcType=VARCHAR}, #{requestType,jdbcType=VARCHAR}, #{requestParam,jdbcType=VARCHAR}, 
      #{user,jdbcType=VARCHAR}, #{ip,jdbcType=VARCHAR}, #{ipInfo,jdbcType=VARCHAR}, #{time,jdbcType=INTEGER}, 
      #{createDate,jdbcType=TIMESTAMP})
  </insert>
  <insert id="insertSelective" parameterType="cn.exrick.pojo.TbLog">
    insert into tb_log
    <trim prefix="(" suffix=")" suffixOverrides=",">
      <if test="id != null">
        id,
      </if>
      <if test="name != null">
        name,
      </if>
      <if test="type != null">
        type,
      </if>
      <if test="url != null">
        url,
      </if>
      <if test="requestType != null">
        request_type,
      </if>
      <if test="requestParam != null">
        request_param,
      </if>
      <if test="user != null">
        user,
      </if>
      <if test="ip != null">
        ip,
      </if>
      <if test="ipInfo != null">
        ip_info,
      </if>
      <if test="time != null">
        time,
      </if>
      <if test="createDate != null">
        create_date,
      </if>
    </trim>
    <trim prefix="values (" suffix=")" suffixOverrides=",">
      <if test="id != null">
        #{id,jdbcType=INTEGER},
      </if>
      <if test="name != null">
        #{name,jdbcType=VARCHAR},
      </if>
      <if test="type != null">
        #{type,jdbcType=INTEGER},
      </if>
      <if test="url != null">
        #{url,jdbcType=VARCHAR},
      </if>
      <if test="requestType != null">
        #{requestType,jdbcType=VARCHAR},
      </if>
      <if test="requestParam != null">
        #{requestParam,jdbcType=VARCHAR},
      </if>
      <if test="user != null">
        #{user,jdbcType=VARCHAR},
      </if>
      <if test="ip != null">
        #{ip,jdbcType=VARCHAR},
      </if>
      <if test="ipInfo != null">
        #{ipInfo,jdbcType=VARCHAR},
      </if>
      <if test="time != null">
        #{time,jdbcType=INTEGER},
      </if>
      <if test="createDate != null">
        #{createDate,jdbcType=TIMESTAMP},
      </if>
    </trim>
  </insert>
  <select id="countByExample" parameterType="cn.exrick.pojo.TbLogExample" resultType="java.lang.Long">
    select count(*) from tb_log
    <if test="_parameter != null">
      <include refid="Example_Where_Clause" />
    </if>
  </select>
  <update id="updateByExampleSelective" parameterType="map">
    update tb_log
    <set>
      <if test="record.id != null">
        id = #{record.id,jdbcType=INTEGER},
      </if>
      <if test="record.name != null">
        name = #{record.name,jdbcType=VARCHAR},
      </if>
      <if test="record.type != null">
        type = #{record.type,jdbcType=INTEGER},
      </if>
      <if test="record.url != null">
        url = #{record.url,jdbcType=VARCHAR},
      </if>
      <if test="record.requestType != null">
        request_type = #{record.requestType,jdbcType=VARCHAR},
      </if>
      <if test="record.requestParam != null">
        request_param = #{record.requestParam,jdbcType=VARCHAR},
      </if>
      <if test="record.user != null">
        user = #{record.user,jdbcType=VARCHAR},
      </if>
      <if test="record.ip != null">
        ip = #{record.ip,jdbcType=VARCHAR},
      </if>
      <if test="record.ipInfo != null">
        ip_info = #{record.ipInfo,jdbcType=VARCHAR},
      </if>
      <if test="record.time != null">
        time = #{record.time,jdbcType=INTEGER},
      </if>
      <if test="record.createDate != null">
        create_date = #{record.createDate,jdbcType=TIMESTAMP},
      </if>
    </set>
    <if test="_parameter != null">
      <include refid="Update_By_Example_Where_Clause" />
    </if>
  </update>
  <update id="updateByExample" parameterType="map">
    update tb_log
    set id = #{record.id,jdbcType=INTEGER},
      name = #{record.name,jdbcType=VARCHAR},
      type = #{record.type,jdbcType=INTEGER},
      url = #{record.url,jdbcType=VARCHAR},
      request_type = #{record.requestType,jdbcType=VARCHAR},
      request_param = #{record.requestParam,jdbcType=VARCHAR},
      user = #{record.user,jdbcType=VARCHAR},
      ip = #{record.ip,jdbcType=VARCHAR},
      ip_info = #{record.ipInfo,jdbcType=VARCHAR},
      time = #{record.time,jdbcType=INTEGER},
      create_date = #{record.createDate,jdbcType=TIMESTAMP}
    <if test="_parameter != null">
      <include refid="Update_By_Example_Where_Clause" />
    </if>
  </update>
  <update id="updateByPrimaryKeySelective" parameterType="cn.exrick.pojo.TbLog">
    update tb_log
    <set>
      <if test="name != null">
        name = #{name,jdbcType=VARCHAR},
      </if>
      <if test="type != null">
        type = #{type,jdbcType=INTEGER},
      </if>
      <if test="url != null">
        url = #{url,jdbcType=VARCHAR},
      </if>
      <if test="requestType != null">
        request_type = #{requestType,jdbcType=VARCHAR},
      </if>
      <if test="requestParam != null">
        request_param = #{requestParam,jdbcType=VARCHAR},
      </if>
      <if test="user != null">
        user = #{user,jdbcType=VARCHAR},
      </if>
      <if test="ip != null">
        ip = #{ip,jdbcType=VARCHAR},
      </if>
      <if test="ipInfo != null">
        ip_info = #{ipInfo,jdbcType=VARCHAR},
      </if>
      <if test="time != null">
        time = #{time,jdbcType=INTEGER},
      </if>
      <if test="createDate != null">
        create_date = #{createDate,jdbcType=TIMESTAMP},
      </if>
    </set>
    where id = #{id,jdbcType=INTEGER}
  </update>
  <update id="updateByPrimaryKey" parameterType="cn.exrick.pojo.TbLog">
    update tb_log
    set name = #{name,jdbcType=VARCHAR},
      type = #{type,jdbcType=INTEGER},
      url = #{url,jdbcType=VARCHAR},
      request_type = #{requestType,jdbcType=VARCHAR},
      request_param = #{requestParam,jdbcType=VARCHAR},
      user = #{user,jdbcType=VARCHAR},
      ip = #{ip,jdbcType=VARCHAR},
      ip_info = #{ipInfo,jdbcType=VARCHAR},
      time = #{time,jdbcType=INTEGER},
      create_date = #{createDate,jdbcType=TIMESTAMP}
    where id = #{id,jdbcType=INTEGER}
  </update>
  <select id="selectByMulti" resultMap="BaseResultMap">
    SELECT * FROM tb_log
    WHERE
    id LIKE #{search}
    OR
    name LIKE #{search}
    OR
    type LIKE #{search}
    OR
    url LIKE #{search}
    OR
    request_type LIKE #{search}
    OR
    request_param LIKE #{search}
    OR
    user LIKE #{search}
    OR
    ip LIKE #{search}
    OR
    ip_info LIKE #{search}
    OR
    time LIKE #{search}
    OR
    create_date LIKE #{search}
    ORDER BY
    ${orderCol}
    ${orderDir}
  </select>
</mapper>