<?xml version="1.0" encoding="UTF-8"?>
<!DOCTYPE mapper PUBLIC "-//mybatis.org//DTD Mapper 3.0//EN" "http://mybatis.org/dtd/mybatis-3-mapper.dtd">
<mapper namespace="cn.exrick.mapper.TbOrderShippingMapper">
  <resultMap id="BaseResultMap" type="cn.exrick.pojo.TbOrderShipping">
    <id column="order_id" jdbcType="VARCHAR" property="orderId" />
    <result column="receiver_name" jdbcType="VARCHAR" property="receiverName" />
    <result column="receiver_phone" jdbcType="VARCHAR" property="receiverPhone" />
    <result column="receiver_mobile" jdbcType="VARCHAR" property="receiverMobile" />
    <result column="receiver_state" jdbcType="VARCHAR" property="receiverState" />
    <result column="receiver_city" jdbcType="VARCHAR" property="receiverCity" />
    <result column="receiver_district" jdbcType="VARCHAR" property="receiverDistrict" />
    <result column="receiver_address" jdbcType="VARCHAR" property="receiverAddress" />
    <result column="receiver_zip" jdbcType="VARCHAR" property="receiverZip" />
    <result column="created" jdbcType="TIMESTAMP" property="created" />
    <result column="updated" jdbcType="TIMESTAMP" property="updated" />
  </resultMap>
  <sql id="Example_Where_Clause">
    <where>
      <foreach collection="oredCriteria" item="criteria" separator="or">
        <if test="criteria.valid">
          <trim prefix="(" prefixOverrides="and" suffix=")">
            <foreach collection="criteria.criteria" item="criterion">
              <choose>
                <when test="criterion.noValue">
                  and ${criterion.condition}
                </when>
                <when test="criterion.singleValue">
                  and ${criterion.condition} #{criterion.value}
                </when>
                <when test="criterion.betweenValue">
                  and ${criterion.condition} #{criterion.value} and #{criterion.secondValue}
                </when>
                <when test="criterion.listValue">
                  and ${criterion.condition}
                  <foreach close=")" collection="criterion.value" item="listItem" open="(" separator=",">
                    #{listItem}
                  </foreach>
                </when>
              </choose>
            </foreach>
          </trim>
        </if>
      </foreach>
    </where>
  </sql>
  <sql id="Update_By_Example_Where_Clause">
    <where>
      <foreach collection="example.oredCriteria" item="criteria" separator="or">
        <if test="criteria.valid">
          <trim prefix="(" prefixOverrides="and" suffix=")">
            <foreach collection="criteria.criteria" item="criterion">
              <choose>
                <when test="criterion.noValue">
                  and ${criterion.condition}
                </when>
                <when test="criterion.singleValue">
                  and ${criterion.condition} #{criterion.value}
                </when>
                <when test="criterion.betweenValue">
                  and ${criterion.condition} #{criterion.value} and #{criterion.secondValue}
                </when>
                <when test="criterion.listValue">
                  and ${criterion.condition}
                  <foreach close=")" collection="criterion.value" item="listItem" open="(" separator=",">
                    #{listItem}
                  </foreach>
                </when>
              </choose>
            </foreach>
          </trim>
        </if>
      </foreach>
    </where>
  </sql>
  <sql id="Base_Column_List">
    order_id, receiver_name, receiver_phone, receiver_mobile, receiver_state, receiver_city, 
    receiver_district, receiver_address, receiver_zip, created, updated
  </sql>
  <select id="selectByExample" parameterType="cn.exrick.pojo.TbOrderShippingExample" resultMap="BaseResultMap">
    select
    <if test="distinct">
      distinct
    </if>
    <include refid="Base_Column_List" />
    from tb_order_shipping
    <if test="_parameter != null">
      <include refid="Example_Where_Clause" />
    </if>
    <if test="orderByClause != null">
      order by ${orderByClause}
    </if>
  </select>
  <select id="selectByPrimaryKey" parameterType="java.lang.String" resultMap="BaseResultMap">
    select 
    <include refid="Base_Column_List" />
    from tb_order_shipping
    where order_id = #{orderId,jdbcType=VARCHAR}
  </select>
  <delete id="deleteByPrimaryKey" parameterType="java.lang.String">
    delete from tb_order_shipping
    where order_id = #{orderId,jdbcType=VARCHAR}
  </delete>
  <delete id="deleteByExample" parameterType="cn.exrick.pojo.TbOrderShippingExample">
    delete from tb_order_shipping
    <if test="_parameter != null">
      <include refid="Example_Where_Clause" />
    </if>
  </delete>
  <insert id="insert" parameterType="cn.exrick.pojo.TbOrderShipping">
    insert into tb_order_shipping (order_id, receiver_name, receiver_phone, 
      receiver_mobile, receiver_state, receiver_city, 
      receiver_district, receiver_address, receiver_zip, 
      created, updated)
    values (#{orderId,jdbcType=VARCHAR}, #{receiverName,jdbcType=VARCHAR}, #{receiverPhone,jdbcType=VARCHAR}, 
      #{receiverMobile,jdbcType=VARCHAR}, #{receiverState,jdbcType=VARCHAR}, #{receiverCity,jdbcType=VARCHAR}, 
      #{receiverDistrict,jdbcType=VARCHAR}, #{receiverAddress,jdbcType=VARCHAR}, #{receiverZip,jdbcType=VARCHAR}, 
      #{created,jdbcType=TIMESTAMP}, #{updated,jdbcType=TIMESTAMP})
  </insert>
  <insert id="insertSelective" parameterType="cn.exrick.pojo.TbOrderShipping">
    insert into tb_order_shipping
    <trim prefix="(" suffix=")" suffixOverrides=",">
      <if test="orderId != null">
        order_id,
      </if>
      <if test="receiverName != null">
        receiver_name,
      </if>
      <if test="receiverPhone != null">
        receiver_phone,
      </if>
      <if test="receiverMobile != null">
        receiver_mobile,
      </if>
      <if test="receiverState != null">
        receiver_state,
      </if>
      <if test="receiverCity != null">
        receiver_city,
      </if>
      <if test="receiverDistrict != null">
        receiver_district,
      </if>
      <if test="receiverAddress != null">
        receiver_address,
      </if>
      <if test="receiverZip != null">
        receiver_zip,
      </if>
      <if test="created != null">
        created,
      </if>
      <if test="updated != null">
        updated,
      </if>
    </trim>
    <trim prefix="values (" suffix=")" suffixOverrides=",">
      <if test="orderId != null">
        #{orderId,jdbcType=VARCHAR},
      </if>
      <if test="receiverName != null">
        #{receiverName,jdbcType=VARCHAR},
      </if>
      <if test="receiverPhone != null">
        #{receiverPhone,jdbcType=VARCHAR},
      </if>
      <if test="receiverMobile != null">
        #{receiverMobile,jdbcType=VARCHAR},
      </if>
      <if test="receiverState != null">
        #{receiverState,jdbcType=VARCHAR},
      </if>
      <if test="receiverCity != null">
        #{receiverCity,jdbcType=VARCHAR},
      </if>
      <if test="receiverDistrict != null">
        #{receiverDistrict,jdbcType=VARCHAR},
      </if>
      <if test="receiverAddress != null">
        #{receiverAddress,jdbcType=VARCHAR},
      </if>
      <if test="receiverZip != null">
        #{receiverZip,jdbcType=VARCHAR},
      </if>
      <if test="created != null">
        #{created,jdbcType=TIMESTAMP},
      </if>
      <if test="updated != null">
        #{updated,jdbcType=TIMESTAMP},
      </if>
    </trim>
  </insert>
  <select id="countByExample" parameterType="cn.exrick.pojo.TbOrderShippingExample" resultType="java.lang.Long">
    select count(*) from tb_order_shipping
    <if test="_parameter != null">
      <include refid="Example_Where_Clause" />
    </if>
  </select>
  <update id="updateByExampleSelective" parameterType="map">
    update tb_order_shipping
    <set>
      <if test="record.orderId != null">
        order_id = #{record.orderId,jdbcType=VARCHAR},
      </if>
      <if test="record.receiverName != null">
        receiver_name = #{record.receiverName,jdbcType=VARCHAR},
      </if>
      <if test="record.receiverPhone != null">
        receiver_phone = #{record.receiverPhone,jdbcType=VARCHAR},
      </if>
      <if test="record.receiverMobile != null">
        receiver_mobile = #{record.receiverMobile,jdbcType=VARCHAR},
      </if>
      <if test="record.receiverState != null">
        receiver_state = #{record.receiverState,jdbcType=VARCHAR},
      </if>
      <if test="record.receiverCity != null">
        receiver_city = #{record.receiverCity,jdbcType=VARCHAR},
      </if>
      <if test="record.receiverDistrict != null">
        receiver_district = #{record.receiverDistrict,jdbcType=VARCHAR},
      </if>
      <if test="record.receiverAddress != null">
        receiver_address = #{record.receiverAddress,jdbcType=VARCHAR},
      </if>
      <if test="record.receiverZip != null">
        receiver_zip = #{record.receiverZip,jdbcType=VARCHAR},
      </if>
      <if test="record.created != null">
        created = #{record.created,jdbcType=TIMESTAMP},
      </if>
      <if test="record.updated != null">
        updated = #{record.updated,jdbcType=TIMESTAMP},
      </if>
    </set>
    <if test="_parameter != null">
      <include refid="Update_By_Example_Where_Clause" />
    </if>
  </update>
  <update id="updateByExample" parameterType="map">
    update tb_order_shipping
    set order_id = #{record.orderId,jdbcType=VARCHAR},
      receiver_name = #{record.receiverName,jdbcType=VARCHAR},
      receiver_phone = #{record.receiverPhone,jdbcType=VARCHAR},
      receiver_mobile = #{record.receiverMobile,jdbcType=VARCHAR},
      receiver_state = #{record.receiverState,jdbcType=VARCHAR},
      receiver_city = #{record.receiverCity,jdbcType=VARCHAR},
      receiver_district = #{record.receiverDistrict,jdbcType=VARCHAR},
      receiver_address = #{record.receiverAddress,jdbcType=VARCHAR},
      receiver_zip = #{record.receiverZip,jdbcType=VARCHAR},
      created = #{record.created,jdbcType=TIMESTAMP},
      updated = #{record.updated,jdbcType=TIMESTAMP}
    <if test="_parameter != null">
      <include refid="Update_By_Example_Where_Clause" />
    </if>
  </update>
  <update id="updateByPrimaryKeySelective" parameterType="cn.exrick.pojo.TbOrderShipping">
    update tb_order_shipping
    <set>
      <if test="receiverName != null">
        receiver_name = #{receiverName,jdbcType=VARCHAR},
      </if>
      <if test="receiverPhone != null">
        receiver_phone = #{receiverPhone,jdbcType=VARCHAR},
      </if>
      <if test="receiverMobile != null">
        receiver_mobile = #{receiverMobile,jdbcType=VARCHAR},
      </if>
      <if test="receiverState != null">
        receiver_state = #{receiverState,jdbcType=VARCHAR},
      </if>
      <if test="receiverCity != null">
        receiver_city = #{receiverCity,jdbcType=VARCHAR},
      </if>
      <if test="receiverDistrict != null">
        receiver_district = #{receiverDistrict,jdbcType=VARCHAR},
      </if>
      <if test="receiverAddress != null">
        receiver_address = #{receiverAddress,jdbcType=VARCHAR},
      </if>
      <if test="receiverZip != null">
        receiver_zip = #{receiverZip,jdbcType=VARCHAR},
      </if>
      <if test="created != null">
        created = #{created,jdbcType=TIMESTAMP},
      </if>
      <if test="updated != null">
        updated = #{updated,jdbcType=TIMESTAMP},
      </if>
    </set>
    where order_id = #{orderId,jdbcType=VARCHAR}
  </update>
  <update id="updateByPrimaryKey" parameterType="cn.exrick.pojo.TbOrderShipping">
    update tb_order_shipping
    set receiver_name = #{receiverName,jdbcType=VARCHAR},
      receiver_phone = #{receiverPhone,jdbcType=VARCHAR},
      receiver_mobile = #{receiverMobile,jdbcType=VARCHAR},
      receiver_state = #{receiverState,jdbcType=VARCHAR},
      receiver_city = #{receiverCity,jdbcType=VARCHAR},
      receiver_district = #{receiverDistrict,jdbcType=VARCHAR},
      receiver_address = #{receiverAddress,jdbcType=VARCHAR},
      receiver_zip = #{receiverZip,jdbcType=VARCHAR},
      created = #{created,jdbcType=TIMESTAMP},
      updated = #{updated,jdbcType=TIMESTAMP}
    where order_id = #{orderId,jdbcType=VARCHAR}
  </update>
</mapper>